timestamp,service,metric,value
2025-03-20T18:11:53.575496,api-gateway,cpu_usage,37.67198187820498
2025-03-20T18:11:53.575496,api-gateway,memory_usage,40.8022917254633
2025-03-20T18:11:53.575496,api-gateway,response_time,126.41302130418042
2025-03-20T18:11:53.575496,api-gateway,error_rate,0.4070706369649726
2025-03-20T18:11:53.575496,api-gateway,request_count,490.40319958660666
2025-03-20T18:11:53.575496,auth-service,cpu_usage,35.408464843009924
2025-03-20T18:11:53.575496,auth-service,memory_usage,38.671053995159895
2025-03-20T18:11:53.575496,auth-service,response_time,82.66709144950315
2025-03-20T18:11:53.575496,auth-service,error_rate,0.6407509132023681
2025-03-20T18:11:53.575496,auth-service,request_count,540.7826659651073
2025-03-20T18:11:53.575496,database,cpu_usage,34.81136759538743
2025-03-20T18:11:53.575496,database,memory_usage,41.031413461613894
2025-03-20T18:11:53.575496,database,response_time,102.43221098980841
2025-03-20T18:11:53.575496,database,error_rate,0.6514314141541493
2025-03-20T18:11:53.575496,database,request_count,454.40460400650295
2025-03-20T18:11:53.575496,storage-service,cpu_usage,28.708507821623073
2025-03-20T18:11:53.575496,storage-service,memory_usage,44.280609394972956
2025-03-20T18:11:53.575496,storage-service,response_time,111.87907210538673
2025-03-20T18:11:53.575496,storage-service,error_rate,0.44772853606680074
2025-03-20T18:11:53.575496,storage-service,request_count,564.19257285553
2025-03-20T18:11:53.575496,compute-engine,cpu_usage,24.433979831953444
2025-03-20T18:11:53.575496,compute-engine,memory_usage,37.388211097913846
2025-03-20T18:11:53.575496,compute-engine,response_time,98.86086044139611
2025-03-20T18:11:53.575496,compute-engine,error_rate,0.39612763290644404
2025-03-20T18:11:53.575496,compute-engine,request_count,429.06580023326796
2025-03-20T19:11:53.575496,api-gateway,cpu_usage,31.181908093838587
2025-03-20T19:11:53.575496,api-gateway,memory_usage,44.31427018186973
2025-03-20T19:11:53.575496,api-gateway,response_time,98.32560219325592
2025-03-20T19:11:53.575496,api-gateway,error_rate,0.4736480520229229
2025-03-20T19:11:53.575496,api-gateway,request_count,561.8153541449917
2025-03-20T19:11:53.575496,auth-service,cpu_usage,28.813137768515332
2025-03-20T19:11:53.575496,auth-service,memory_usage,39.2610106253645
2025-03-20T19:11:53.575496,auth-service,response_time,85.26976640806144
2025-03-20T19:11:53.575496,auth-service,error_rate,0.5623320046586247
2025-03-20T19:11:53.575496,auth-service,request_count,555.487537846453
2025-03-20T19:11:53.575496,database,cpu_usage,32.79006678530265
2025-03-20T19:11:53.575496,database,memory_usage,40.03435987432082
2025-03-20T19:11:53.575496,database,response_time,91.39443289149919
2025-03-20T19:11:53.575496,database,error_rate,0.5006413849273427
2025-03-20T19:11:53.575496,database,request_count,455.26091079488066
2025-03-20T19:11:53.575496,storage-service,cpu_usage,24.00784806400439
2025-03-20T19:11:53.575496,storage-service,memory_usage,38.60927675365107
2025-03-20T19:11:53.575496,storage-service,response_time,114.70406576788253
2025-03-20T19:11:53.575496,storage-service,error_rate,0.385855251057066
2025-03-20T19:11:53.575496,storage-service,request_count,455.81214794105756
2025-03-20T19:11:53.575496,compute-engine,cpu_usage,19.033836537721797
2025-03-20T19:11:53.575496,compute-engine,memory_usage,39.707305763998406
2025-03-20T19:11:53.575496,compute-engine,response_time,111.2171226680284
2025-03-20T19:11:53.575496,compute-engine,error_rate,0.35386619975747013
2025-03-20T19:11:53.575496,compute-engine,request_count,506.32288911868415
2025-03-20T20:11:53.575496,api-gateway,cpu_usage,36.52363392084105
2025-03-20T20:11:53.575496,api-gateway,memory_usage,41.13626063483097
2025-03-20T20:11:53.575496,api-gateway,response_time,106.36085481785054
2025-03-20T20:11:53.575496,api-gateway,error_rate,0.6238084088691989
2025-03-20T20:11:53.575496,api-gateway,request_count,459.6922626089292
2025-03-20T20:11:53.575496,auth-service,cpu_usage,26.119984113948064
2025-03-20T20:11:53.575496,auth-service,memory_usage,43.559548327352076
2025-03-20T20:11:53.575496,auth-service,response_time,92.93394433688863
2025-03-20T20:11:53.575496,auth-service,error_rate,0.386904598936306
2025-03-20T20:11:53.575496,auth-service,request_count,436.24249990804407
2025-03-20T20:11:53.575496,database,cpu_usage,24.232827904321244
2025-03-20T20:11:53.575496,database,memory_usage,41.315045268731616
2025-03-20T20:11:53.575496,database,response_time,117.20615776679871
2025-03-20T20:11:53.575496,database,error_rate,0.6612113886522436
2025-03-20T20:11:53.575496,database,request_count,443.7525667768108
2025-03-20T20:11:53.575496,storage-service,cpu_usage,38.0480737914252
2025-03-20T20:11:53.575496,storage-service,memory_usage,39.535920043147804
2025-03-20T20:11:53.575496,storage-service,response_time,95.80786863506142
2025-03-20T20:11:53.575496,storage-service,error_rate,0.4608138859148189
2025-03-20T20:11:53.575496,storage-service,request_count,488.4972119287077
2025-03-20T20:11:53.575496,compute-engine,cpu_usage,30.560477148191392
2025-03-20T20:11:53.575496,compute-engine,memory_usage,40.73992692557541
2025-03-20T20:11:53.575496,compute-engine,response_time,90.42900947497242
2025-03-20T20:11:53.575496,compute-engine,error_rate,0.559561141034984
2025-03-20T20:11:53.575496,compute-engine,request_count,606.6536855768628
2025-03-20T21:11:53.575496,api-gateway,cpu_usage,35.04802375067995
2025-03-20T21:11:53.575496,api-gateway,memory_usage,39.844493710027855
2025-03-20T21:11:53.575496,api-gateway,response_time,103.87984419640425
2025-03-20T21:11:53.575496,api-gateway,error_rate,0.4543051905590073
2025-03-20T21:11:53.575496,api-gateway,request_count,527.0354861100175
2025-03-20T21:11:53.575496,auth-service,cpu_usage,36.45294107791209
2025-03-20T21:11:53.575496,auth-service,memory_usage,42.863236543402714
2025-03-20T21:11:53.575496,auth-service,response_time,100.89844400961302
2025-03-20T21:11:53.575496,auth-service,error_rate,0.40056768102224094
2025-03-20T21:11:53.575496,auth-service,request_count,456.9486517061716
2025-03-20T21:11:53.575496,database,cpu_usage,27.022247001617767
2025-03-20T21:11:53.575496,database,memory_usage,43.22653311282285
2025-03-20T21:11:53.575496,database,response_time,96.13625647312038
2025-03-20T21:11:53.575496,database,error_rate,0.3960733416927777
2025-03-20T21:11:53.575496,database,request_count,444.8546048352907
2025-03-20T21:11:53.575496,storage-service,cpu_usage,32.50832443868272
2025-03-20T21:11:53.575496,storage-service,memory_usage,45.17685708450528
2025-03-20T21:11:53.575496,storage-service,response_time,94.62183659000593
2025-03-20T21:11:53.575496,storage-service,error_rate,0.41574346218273855
2025-03-20T21:11:53.575496,storage-service,request_count,389.19961112261217
2025-03-20T21:11:53.575496,compute-engine,cpu_usage,26.807483674388124
2025-03-20T21:11:53.575496,compute-engine,memory_usage,41.573545910401165
2025-03-20T21:11:53.575496,compute-engine,response_time,100.9158946871943
2025-03-20T21:11:53.575496,compute-engine,error_rate,0.5370912864410017
2025-03-20T21:11:53.575496,compute-engine,request_count,501.0742196908029
2025-03-20T22:11:53.575496,api-gateway,cpu_usage,36.56171702858957
2025-03-20T22:11:53.575496,api-gateway,memory_usage,41.371801568619155
2025-03-20T22:11:53.575496,api-gateway,response_time,112.04840761046135
2025-03-20T22:11:53.575496,api-gateway,error_rate,0.5463101069256165
2025-03-20T22:11:53.575496,api-gateway,request_count,471.16087976944874
2025-03-20T22:11:53.575496,auth-service,cpu_usage,29.120025369040906
2025-03-20T22:11:53.575496,auth-service,memory_usage,41.942301596626834
2025-03-20T22:11:53.575496,auth-service,response_time,93.53140917365435
2025-03-20T22:11:53.575496,auth-service,error_rate,0.5754551391662239
2025-03-20T22:11:53.575496,auth-service,request_count,560.7809608438672
2025-03-20T22:11:53.575496,database,cpu_usage,32.703223654303116
2025-03-20T22:11:53.575496,database,memory_usage,40.60347852063349
2025-03-20T22:11:53.575496,database,response_time,103.8456256380636
2025-03-20T22:11:53.575496,database,error_rate,0.5654607575913534
2025-03-20T22:11:53.575496,database,request_count,446.4894972468502
2025-03-20T22:11:53.575496,storage-service,cpu_usage,29.69375281604097
2025-03-20T22:11:53.575496,storage-service,memory_usage,44.455681658407784
2025-03-20T22:11:53.575496,storage-service,response_time,103.04223028599303
2025-03-20T22:11:53.575496,storage-service,error_rate,0.5411898766131951
2025-03-20T22:11:53.575496,storage-service,request_count,405.3889740645057
2025-03-20T22:11:53.575496,compute-engine,cpu_usage,30.693019987138438
2025-03-20T22:11:53.575496,compute-engine,memory_usage,42.39818595642894
2025-03-20T22:11:53.575496,compute-engine,response_time,103.99445303248363
2025-03-20T22:11:53.575496,compute-engine,error_rate,0.5415066586373858
2025-03-20T22:11:53.575496,compute-engine,request_count,477.33442585080485
2025-03-20T23:11:53.575496,api-gateway,cpu_usage,30.11830834965194
2025-03-20T23:11:53.575496,api-gateway,memory_usage,42.54175284230561
2025-03-20T23:11:53.575496,api-gateway,response_time,108.82164880262783
2025-03-20T23:11:53.575496,api-gateway,error_rate,0.6188236342667357
2025-03-20T23:11:53.575496,api-gateway,request_count,513.4364528734923
2025-03-20T23:11:53.575496,auth-service,cpu_usage,38.689511385405915
2025-03-20T23:11:53.575496,auth-service,memory_usage,41.48780656087453
2025-03-20T23:11:53.575496,auth-service,response_time,80.89754676556372
2025-03-20T23:11:53.575496,auth-service,error_rate,0.5470927698909969
2025-03-20T23:11:53.575496,auth-service,request_count,576.9163857555966
2025-03-20T23:11:53.575496,database,cpu_usage,32.148328029687065
2025-03-20T23:11:53.575496,database,memory_usage,38.78742065753026
2025-03-20T23:11:53.575496,database,response_time,97.67641590313256
2025-03-20T23:11:53.575496,database,error_rate,0.4272791270743642
2025-03-20T23:11:53.575496,database,request_count,475.4170652454418
2025-03-20T23:11:53.575496,storage-service,cpu_usage,36.342694368028724
2025-03-20T23:11:53.575496,storage-service,memory_usage,34.36401487564528
2025-03-20T23:11:53.575496,storage-service,response_time,104.18973748916109
2025-03-20T23:11:53.575496,storage-service,error_rate,0.3334590911602905
2025-03-20T23:11:53.575496,storage-service,request_count,457.4359663414444
2025-03-20T23:11:53.575496,compute-engine,cpu_usage,22.202462692818713
2025-03-20T23:11:53.575496,compute-engine,memory_usage,42.02635596539615
2025-03-20T23:11:53.575496,compute-engine,response_time,96.68430390016601
2025-03-20T23:11:53.575496,compute-engine,error_rate,0.5700552071875445
2025-03-20T23:11:53.575496,compute-engine,request_count,510.12733662344897
2025-03-21T00:11:53.575496,api-gateway,cpu_usage,24.017372755532893
2025-03-21T00:11:53.575496,api-gateway,memory_usage,40.76184851695074
2025-03-21T00:11:53.575496,api-gateway,response_time,91.4786330739324
2025-03-21T00:11:53.575496,api-gateway,error_rate,0.4389805804950763
2025-03-21T00:11:53.575496,api-gateway,request_count,522.1700925024226
2025-03-21T00:11:53.575496,auth-service,cpu_usage,32.433916015272786
2025-03-21T00:11:53.575496,auth-service,memory_usage,41.49569871586651
2025-03-21T00:11:53.575496,auth-service,response_time,114.95661899650423
2025-03-21T00:11:53.575496,auth-service,error_rate,0.44462751351155577
2025-03-21T00:11:53.575496,auth-service,request_count,536.8257639369092
2025-03-21T00:11:53.575496,database,cpu_usage,44.0628063543515
2025-03-21T00:11:53.575496,database,memory_usage,41.844733748980296
2025-03-21T00:11:53.575496,database,response_time,92.8722993200311
2025-03-21T00:11:53.575496,database,error_rate,0.5619381040791906
2025-03-21T00:11:53.575496,database,request_count,548.8049416316134
2025-03-21T00:11:53.575496,storage-service,cpu_usage,34.59442881378138
2025-03-21T00:11:53.575496,storage-service,memory_usage,42.15133003229507
2025-03-21T00:11:53.575496,storage-service,response_time,84.95811651642029
2025-03-21T00:11:53.575496,storage-service,error_rate,0.6132771849794393
2025-03-21T00:11:53.575496,storage-service,request_count,547.9019149981714
2025-03-21T00:11:53.575496,compute-engine,cpu_usage,37.6631772871935
2025-03-21T00:11:53.575496,compute-engine,memory_usage,40.095498138059995
2025-03-21T00:11:53.575496,compute-engine,response_time,99.71110403233253
2025-03-21T00:11:53.575496,compute-engine,error_rate,0.5401523252054272
2025-03-21T00:11:53.575496,compute-engine,request_count,575.021716354595
2025-03-21T01:11:53.575496,api-gateway,cpu_usage,35.821582368757284
2025-03-21T01:11:53.575496,api-gateway,memory_usage,40.6964065738511
2025-03-21T01:11:53.575496,api-gateway,response_time,100.6743888128082
2025-03-21T01:11:53.575496,api-gateway,error_rate,0.5708108528236758
2025-03-21T01:11:53.575496,api-gateway,request_count,398.3336078436281
2025-03-21T01:11:53.575496,auth-service,cpu_usage,26.427449789358874
2025-03-21T01:11:53.575496,auth-service,memory_usage,41.82649828781446
2025-03-21T01:11:53.575496,auth-service,response_time,91.07125594115787
2025-03-21T01:11:53.575496,auth-service,error_rate,0.5849241997754868
2025-03-21T01:11:53.575496,auth-service,request_count,380.6091933142471
2025-03-21T01:11:53.575496,database,cpu_usage,38.15352476499472
2025-03-21T01:11:53.575496,database,memory_usage,45.107047816289914
2025-03-21T01:11:53.575496,database,response_time,112.90203821682202
2025-03-21T01:11:53.575496,database,error_rate,0.4722714032078508
2025-03-21T01:11:53.575496,database,request_count,455.93887765730767
2025-03-21T01:11:53.575496,storage-service,cpu_usage,34.4229742624902
2025-03-21T01:11:53.575496,storage-service,memory_usage,43.78650671913677
2025-03-21T01:11:53.575496,storage-service,response_time,98.09928710274072
2025-03-21T01:11:53.575496,storage-service,error_rate,0.567407204734419
2025-03-21T01:11:53.575496,storage-service,request_count,497.3906845584057
2025-03-21T01:11:53.575496,compute-engine,cpu_usage,41.62984784413787
2025-03-21T01:11:53.575496,compute-engine,memory_usage,38.266815044468615
2025-03-21T01:11:53.575496,compute-engine,response_time,93.32272103563302
2025-03-21T01:11:53.575496,compute-engine,error_rate,0.415040222704959
2025-03-21T01:11:53.575496,compute-engine,request_count,415.2432425637045
2025-03-21T02:11:53.575496,api-gateway,cpu_usage,37.896987951408704
2025-03-21T02:11:53.575496,api-gateway,memory_usage,41.77864809080279
2025-03-21T02:11:53.575496,api-gateway,response_time,99.37541060068796
2025-03-21T02:11:53.575496,api-gateway,error_rate,0.38868167616869415
2025-03-21T02:11:53.575496,api-gateway,request_count,410.50287389471134
2025-03-21T02:11:53.575496,auth-service,cpu_usage,40.72443912657746
2025-03-21T02:11:53.575496,auth-service,memory_usage,47.66291003482081
2025-03-21T02:11:53.575496,auth-service,response_time,93.71048226857192
2025-03-21T02:11:53.575496,auth-service,error_rate,0.40722591916663325
2025-03-21T02:11:53.575496,auth-service,request_count,526.3984570083153
2025-03-21T02:11:53.575496,database,cpu_usage,41.99062771258216
2025-03-21T02:11:53.575496,database,memory_usage,40.22017282635247
2025-03-21T02:11:53.575496,database,response_time,95.5413246003122
2025-03-21T02:11:53.575496,database,error_rate,0.5268854187047576
2025-03-21T02:11:53.575496,database,request_count,465.7347555354997
2025-03-21T02:11:53.575496,storage-service,cpu_usage,32.244192661668095
2025-03-21T02:11:53.575496,storage-service,memory_usage,41.66198879850211
2025-03-21T02:11:53.575496,storage-service,response_time,97.96596767692516
2025-03-21T02:11:53.575496,storage-service,error_rate,0.5482417520656463
2025-03-21T02:11:53.575496,storage-service,request_count,480.88094535997686
2025-03-21T02:11:53.575496,compute-engine,cpu_usage,36.870956223388156
2025-03-21T02:11:53.575496,compute-engine,memory_usage,50.11971803718496
2025-03-21T02:11:53.575496,compute-engine,response_time,97.73390816651516
2025-03-21T02:11:53.575496,compute-engine,error_rate,0.565944524392375
2025-03-21T02:11:53.575496,compute-engine,request_count,474.4712353608836
2025-03-21T03:11:53.575496,api-gateway,cpu_usage,33.27515662344753
2025-03-21T03:11:53.575496,api-gateway,memory_usage,45.476181111526
2025-03-21T03:11:53.575496,api-gateway,response_time,117.94569448967029
2025-03-21T03:11:53.575496,api-gateway,error_rate,0.7819518638651675
2025-03-21T03:11:53.575496,api-gateway,request_count,300.96951332744993
2025-03-21T03:11:53.575496,auth-service,cpu_usage,38.65876351293519
2025-03-21T03:11:53.575496,auth-service,memory_usage,39.76731418188075
2025-03-21T03:11:53.575496,auth-service,response_time,113.86137515040353
2025-03-21T03:11:53.575496,auth-service,error_rate,0.6017890578737013
2025-03-21T03:11:53.575496,auth-service,request_count,481.1919396049774
2025-03-21T03:11:53.575496,database,cpu_usage,28.346970495985676
2025-03-21T03:11:53.575496,database,memory_usage,40.821417316757206
2025-03-21T03:11:53.575496,database,response_time,101.35171555412481
2025-03-21T03:11:53.575496,database,error_rate,0.49755104117467575
2025-03-21T03:11:53.575496,database,request_count,458.10541217430443
2025-03-21T03:11:53.575496,storage-service,cpu_usage,37.88204822124156
2025-03-21T03:11:53.575496,storage-service,memory_usage,44.956225074390154
2025-03-21T03:11:53.575496,storage-service,response_time,103.01678795557379
2025-03-21T03:11:53.575496,storage-service,error_rate,0.5007194507916306
2025-03-21T03:11:53.575496,storage-service,request_count,376.87423088047836
2025-03-21T03:11:53.575496,compute-engine,cpu_usage,37.09201478853472
2025-03-21T03:11:53.575496,compute-engine,memory_usage,40.03922619762118
2025-03-21T03:11:53.575496,compute-engine,response_time,91.96623807524973
2025-03-21T03:11:53.575496,compute-engine,error_rate,0.31573360929268235
2025-03-21T03:11:53.575496,compute-engine,request_count,482.29370804109055
2025-03-21T04:11:53.575496,api-gateway,cpu_usage,37.871956082844825
2025-03-21T04:11:53.575496,api-gateway,memory_usage,43.66511467440434
2025-03-21T04:11:53.575496,api-gateway,response_time,91.6672182170355
2025-03-21T04:11:53.575496,api-gateway,error_rate,0.6279333139909763
2025-03-21T04:11:53.575496,api-gateway,request_count,576.1703778051246
2025-03-21T04:11:53.575496,auth-service,cpu_usage,33.03452585698628
2025-03-21T04:11:53.575496,auth-service,memory_usage,38.532402145796325
2025-03-21T04:11:53.575496,auth-service,response_time,88.12706268140971
2025-03-21T04:11:53.575496,auth-service,error_rate,0.7350206668982683
2025-03-21T04:11:53.575496,auth-service,request_count,549.3841321745173
2025-03-21T04:11:53.575496,database,cpu_usage,40.32643918056185
2025-03-21T04:11:53.575496,database,memory_usage,36.428192153211256
2025-03-21T04:11:53.575496,database,response_time,103.0113415083002
2025-03-21T04:11:53.575496,database,error_rate,0.46509243254708377
2025-03-21T04:11:53.575496,database,request_count,404.39535439066697
2025-03-21T04:11:53.575496,storage-service,cpu_usage,36.055944543986804
2025-03-21T04:11:53.575496,storage-service,memory_usage,45.84499360488472
2025-03-21T04:11:53.575496,storage-service,response_time,98.52433892070253
2025-03-21T04:11:53.575496,storage-service,error_rate,0.47999512876517436
2025-03-21T04:11:53.575496,storage-service,request_count,469.2570082190048
2025-03-21T04:11:53.575496,compute-engine,cpu_usage,33.811575740159476
2025-03-21T04:11:53.575496,compute-engine,memory_usage,42.97477209318736
2025-03-21T04:11:53.575496,compute-engine,response_time,97.61403389240716
2025-03-21T04:11:53.575496,compute-engine,error_rate,0.47265401726673645
2025-03-21T04:11:53.575496,compute-engine,request_count,543.0639631964666
2025-03-21T05:11:53.575496,api-gateway,cpu_usage,34.6637869753726
2025-03-21T05:11:53.575496,api-gateway,memory_usage,37.27839487227787
2025-03-21T05:11:53.575496,api-gateway,response_time,72.63839477020899
2025-03-21T05:11:53.575496,api-gateway,error_rate,0.3811954229622118
2025-03-21T05:11:53.575496,api-gateway,request_count,444.048777711117
2025-03-21T05:11:53.575496,auth-service,cpu_usage,34.56637371538975
2025-03-21T05:11:53.575496,auth-service,memory_usage,45.50841073286814
2025-03-21T05:11:53.575496,auth-service,response_time,115.35407288170477
2025-03-21T05:11:53.575496,auth-service,error_rate,0.6408891321913522
2025-03-21T05:11:53.575496,auth-service,request_count,411.01792393110816
2025-03-21T05:11:53.575496,database,cpu_usage,28.316956883085414
2025-03-21T05:11:53.575496,database,memory_usage,46.87946623917393
2025-03-21T05:11:53.575496,database,response_time,94.56871981005729
2025-03-21T05:11:53.575496,database,error_rate,0.3820304269863588
2025-03-21T05:11:53.575496,database,request_count,395.7426914875352
2025-03-21T05:11:53.575496,storage-service,cpu_usage,42.20588935925702
2025-03-21T05:11:53.575496,storage-service,memory_usage,43.768215113687425
2025-03-21T05:11:53.575496,storage-service,response_time,94.65333718354948
2025-03-21T05:11:53.575496,storage-service,error_rate,0.4184329713628417
2025-03-21T05:11:53.575496,storage-service,request_count,343.4594736711027
2025-03-21T05:11:53.575496,compute-engine,cpu_usage,28.351227135511188
2025-03-21T05:11:53.575496,compute-engine,memory_usage,43.74007013842522
2025-03-21T05:11:53.575496,compute-engine,response_time,93.50105958648612
2025-03-21T05:11:53.575496,compute-engine,error_rate,0.3184330374817609
2025-03-21T05:11:53.575496,compute-engine,request_count,515.3038200378764
2025-03-21T06:11:53.575496,api-gateway,cpu_usage,40.66501083582278
2025-03-21T06:11:53.575496,api-gateway,memory_usage,41.575687527323645
2025-03-21T06:11:53.575496,api-gateway,response_time,99.67971317565419
2025-03-21T06:11:53.575496,api-gateway,error_rate,0.6624642607383818
2025-03-21T06:11:53.575496,api-gateway,request_count,475.13004499882436
2025-03-21T06:11:53.575496,auth-service,cpu_usage,35.43541847106716
2025-03-21T06:11:53.575496,auth-service,memory_usage,41.48630741034467
2025-03-21T06:11:53.575496,auth-service,response_time,98.54652736711687
2025-03-21T06:11:53.575496,auth-service,error_rate,0.5275794756096026
2025-03-21T06:11:53.575496,auth-service,request_count,405.9059961784971
2025-03-21T06:11:53.575496,database,cpu_usage,33.743602934892635
2025-03-21T06:11:53.575496,database,memory_usage,46.051135477191124
2025-03-21T06:11:53.575496,database,response_time,99.37049506269969
2025-03-21T06:11:53.575496,database,error_rate,0.6158934270481091
2025-03-21T06:11:53.575496,database,request_count,524.1786616349297
2025-03-21T06:11:53.575496,storage-service,cpu_usage,34.54982918238643
2025-03-21T06:11:53.575496,storage-service,memory_usage,44.39197181104753
2025-03-21T06:11:53.575496,storage-service,response_time,112.3564923192376
2025-03-21T06:11:53.575496,storage-service,error_rate,0.3121516659856002
2025-03-21T06:11:53.575496,storage-service,request_count,458.03920231996824
2025-03-21T06:11:53.575496,compute-engine,cpu_usage,32.57640155106192
2025-03-21T06:11:53.575496,compute-engine,memory_usage,42.830462073481755
2025-03-21T06:11:53.575496,compute-engine,response_time,88.54656943934978
2025-03-21T06:11:53.575496,compute-engine,error_rate,0.5308102994359049
2025-03-21T06:11:53.575496,compute-engine,request_count,398.656234908796
2025-03-21T07:11:53.575496,api-gateway,cpu_usage,40.6164840626711
2025-03-21T07:11:53.575496,api-gateway,memory_usage,49.338723851195255
2025-03-21T07:11:53.575496,api-gateway,response_time,115.24804172963833
2025-03-21T07:11:53.575496,api-gateway,error_rate,0.586978067719509
2025-03-21T07:11:53.575496,api-gateway,request_count,377.4964826514576
2025-03-21T07:11:53.575496,auth-service,cpu_usage,35.25568368302477
2025-03-21T07:11:53.575496,auth-service,memory_usage,48.16208320455669
2025-03-21T07:11:53.575496,auth-service,response_time,111.71272777727589
2025-03-21T07:11:53.575496,auth-service,error_rate,0.36777946397277905
2025-03-21T07:11:53.575496,auth-service,request_count,434.41844975621757
2025-03-21T07:11:53.575496,database,cpu_usage,33.06790869496146
2025-03-21T07:11:53.575496,database,memory_usage,42.79800101660535
2025-03-21T07:11:53.575496,database,response_time,107.93854173372931
2025-03-21T07:11:53.575496,database,error_rate,0.6048851079439506
2025-03-21T07:11:53.575496,database,request_count,423.70551436228163
2025-03-21T07:11:53.575496,storage-service,cpu_usage,34.04769463027659
2025-03-21T07:11:53.575496,storage-service,memory_usage,40.05163397921542
2025-03-21T07:11:53.575496,storage-service,response_time,106.67944447788953
2025-03-21T07:11:53.575496,storage-service,error_rate,0.4106758218463852
2025-03-21T07:11:53.575496,storage-service,request_count,393.3247751603765
2025-03-21T07:11:53.575496,compute-engine,cpu_usage,38.99846925962111
2025-03-21T07:11:53.575496,compute-engine,memory_usage,43.014459652846796
2025-03-21T07:11:53.575496,compute-engine,response_time,105.93828087599567
2025-03-21T07:11:53.575496,compute-engine,error_rate,0.6305896754711018
2025-03-21T07:11:53.575496,compute-engine,request_count,393.2529064165936
2025-03-21T08:11:53.575496,api-gateway,cpu_usage,39.261213656299475
2025-03-21T08:11:53.575496,api-gateway,memory_usage,44.23185110707223
2025-03-21T08:11:53.575496,api-gateway,response_time,108.28560962716405
2025-03-21T08:11:53.575496,api-gateway,error_rate,0.5330554155187048
2025-03-21T08:11:53.575496,api-gateway,request_count,335.29369723766166
2025-03-21T08:11:53.575496,auth-service,cpu_usage,41.09079060634131
2025-03-21T08:11:53.575496,auth-service,memory_usage,41.06248893183816
2025-03-21T08:11:53.575496,auth-service,response_time,102.54095292165425
2025-03-21T08:11:53.575496,auth-service,error_rate,0.712840989684221
2025-03-21T08:11:53.575496,auth-service,request_count,444.701206183109
2025-03-21T08:11:53.575496,database,cpu_usage,48.06771071389866
2025-03-21T08:11:53.575496,database,memory_usage,40.0377699863426
2025-03-21T08:11:53.575496,database,response_time,100.44825987701986
2025-03-21T08:11:53.575496,database,error_rate,0.4566615684226166
2025-03-21T08:11:53.575496,database,request_count,382.74257976629514
2025-03-21T08:11:53.575496,storage-service,cpu_usage,36.05613326493334
2025-03-21T08:11:53.575496,storage-service,memory_usage,40.95326540620984
2025-03-21T08:11:53.575496,storage-service,response_time,104.77835502556898
2025-03-21T08:11:53.575496,storage-service,error_rate,0.44255865357751917
2025-03-21T08:11:53.575496,storage-service,request_count,387.519655038159
2025-03-21T08:11:53.575496,compute-engine,cpu_usage,45.52808430809494
2025-03-21T08:11:53.575496,compute-engine,memory_usage,41.69302431961796
2025-03-21T08:11:53.575496,compute-engine,response_time,101.8051165463546
2025-03-21T08:11:53.575496,compute-engine,error_rate,0.4936208324958408
2025-03-21T08:11:53.575496,compute-engine,request_count,490.01278140195905
2025-03-21T09:11:53.575496,api-gateway,cpu_usage,35.69084693786887
2025-03-21T09:11:53.575496,api-gateway,memory_usage,48.091746675689606
2025-03-21T09:11:53.575496,api-gateway,response_time,99.46313035411465
2025-03-21T09:11:53.575496,api-gateway,error_rate,0.43310684231308194
2025-03-21T09:11:53.575496,api-gateway,request_count,454.2149384919562
2025-03-21T09:11:53.575496,auth-service,cpu_usage,32.85040332632894
2025-03-21T09:11:53.575496,auth-service,memory_usage,46.28494325740309
2025-03-21T09:11:53.575496,auth-service,response_time,98.17057318428796
2025-03-21T09:11:53.575496,auth-service,error_rate,0.28178545488951284
2025-03-21T09:11:53.575496,auth-service,request_count,439.69535162435466
2025-03-21T09:11:53.575496,database,cpu_usage,30.358755811748434
2025-03-21T09:11:53.575496,database,memory_usage,45.60279283447691
2025-03-21T09:11:53.575496,database,response_time,110.46549161271551
2025-03-21T09:11:53.575496,database,error_rate,0.3653836240347255
2025-03-21T09:11:53.575496,database,request_count,483.0096882408542
2025-03-21T09:11:53.575496,storage-service,cpu_usage,32.82332861221574
2025-03-21T09:11:53.575496,storage-service,memory_usage,46.641098051472284
2025-03-21T09:11:53.575496,storage-service,response_time,107.4605346679649
2025-03-21T09:11:53.575496,storage-service,error_rate,0.5231170055771766
2025-03-21T09:11:53.575496,storage-service,request_count,341.4409299634144
2025-03-21T09:11:53.575496,compute-engine,cpu_usage,42.40160733178217
2025-03-21T09:11:53.575496,compute-engine,memory_usage,46.7952929918181
2025-03-21T09:11:53.575496,compute-engine,response_time,98.11469600587452
2025-03-21T09:11:53.575496,compute-engine,error_rate,0.4882142078356396
2025-03-21T09:11:53.575496,compute-engine,request_count,425.08337872012214
2025-03-21T10:11:53.575496,api-gateway,cpu_usage,43.089849892402526
2025-03-21T10:11:53.575496,api-gateway,memory_usage,40.23504866824287
2025-03-21T10:11:53.575496,api-gateway,response_time,102.17966312986658
2025-03-21T10:11:53.575496,api-gateway,error_rate,0.4610199455893584
2025-03-21T10:11:53.575496,api-gateway,request_count,396.5845279591822
2025-03-21T10:11:53.575496,auth-service,cpu_usage,37.31657012199217
2025-03-21T10:11:53.575496,auth-service,memory_usage,43.77430173197445
2025-03-21T10:11:53.575496,auth-service,response_time,109.62024449456453
2025-03-21T10:11:53.575496,auth-service,error_rate,0.44486672039067976
2025-03-21T10:11:53.575496,auth-service,request_count,409.3190102036607
2025-03-21T10:11:53.575496,database,cpu_usage,41.33074505185434
2025-03-21T10:11:53.575496,database,memory_usage,43.464045064312685
2025-03-21T10:11:53.575496,database,response_time,111.92712362514668
2025-03-21T10:11:53.575496,database,error_rate,0.3825129239723854
2025-03-21T10:11:53.575496,database,request_count,356.3292974690322
2025-03-21T10:11:53.575496,storage-service,cpu_usage,41.291002980457876
2025-03-21T10:11:53.575496,storage-service,memory_usage,43.24447375463263
2025-03-21T10:11:53.575496,storage-service,response_time,115.41918698692551
2025-03-21T10:11:53.575496,storage-service,error_rate,0.4159213798325082
2025-03-21T10:11:53.575496,storage-service,request_count,419.8278025378198
2025-03-21T10:11:53.575496,compute-engine,cpu_usage,40.38350899686712
2025-03-21T10:11:53.575496,compute-engine,memory_usage,44.939142237543095
2025-03-21T10:11:53.575496,compute-engine,response_time,98.60745859859337
2025-03-21T10:11:53.575496,compute-engine,error_rate,0.39832749392417366
2025-03-21T10:11:53.575496,compute-engine,request_count,314.87071425658326
2025-03-21T11:11:53.575496,api-gateway,cpu_usage,36.64777640524939
2025-03-21T11:11:53.575496,api-gateway,memory_usage,42.72341915839062
2025-03-21T11:11:53.575496,api-gateway,response_time,136.83372852344246
2025-03-21T11:11:53.575496,api-gateway,error_rate,0.7964308086027945
2025-03-21T11:11:53.575496,api-gateway,request_count,437.35204881735126
2025-03-21T11:11:53.575496,auth-service,cpu_usage,37.0852290757055
2025-03-21T11:11:53.575496,auth-service,memory_usage,44.82234478409839
2025-03-21T11:11:53.575496,auth-service,response_time,107.23065937772337
2025-03-21T11:11:53.575496,auth-service,error_rate,0.5467351251673298
2025-03-21T11:11:53.575496,auth-service,request_count,370.1023328157967
2025-03-21T11:11:53.575496,database,cpu_usage,30.050097444237327
2025-03-21T11:11:53.575496,database,memory_usage,48.19684692764128
2025-03-21T11:11:53.575496,database,response_time,126.02251876176398
2025-03-21T11:11:53.575496,database,error_rate,0.4241253958266774
2025-03-21T11:11:53.575496,database,request_count,384.8758791884416
2025-03-21T11:11:53.575496,storage-service,cpu_usage,44.99912819839185
2025-03-21T11:11:53.575496,storage-service,memory_usage,46.60714632390294
2025-03-21T11:11:53.575496,storage-service,response_time,120.9840729092061
2025-03-21T11:11:53.575496,storage-service,error_rate,0.5484138904998754
2025-03-21T11:11:53.575496,storage-service,request_count,476.7228411895421
2025-03-21T11:11:53.575496,compute-engine,cpu_usage,37.753261160113006
2025-03-21T11:11:53.575496,compute-engine,memory_usage,48.77066507894398
2025-03-21T11:11:53.575496,compute-engine,response_time,95.18690075414308
2025-03-21T11:11:53.575496,compute-engine,error_rate,0.468822342095692
2025-03-21T11:11:53.575496,compute-engine,request_count,444.61537023446044
2025-03-21T12:11:53.575496,api-gateway,cpu_usage,34.531233315534976
2025-03-21T12:11:53.575496,api-gateway,memory_usage,43.2222756729634
2025-03-21T12:11:53.575496,api-gateway,response_time,104.06625500252716
2025-03-21T12:11:53.575496,api-gateway,error_rate,0.5736700667787743
2025-03-21T12:11:53.575496,api-gateway,request_count,333.21165056584067
2025-03-21T12:11:53.575496,auth-service,cpu_usage,42.47223211517264
2025-03-21T12:11:53.575496,auth-service,memory_usage,46.10258476695329
2025-03-21T12:11:53.575496,auth-service,response_time,105.50081162147754
2025-03-21T12:11:53.575496,auth-service,error_rate,0.572537342705021
2025-03-21T12:11:53.575496,auth-service,request_count,368.11016260734846
2025-03-21T12:11:53.575496,database,cpu_usage,39.041074355472226
2025-03-21T12:11:53.575496,database,memory_usage,46.36326488498773
2025-03-21T12:11:53.575496,database,response_time,96.72065327434876
2025-03-21T12:11:53.575496,database,error_rate,0.6462765083462911
2025-03-21T12:11:53.575496,database,request_count,414.69481812295885
2025-03-21T12:11:53.575496,storage-service,cpu_usage,29.865242096627334
2025-03-21T12:11:53.575496,storage-service,memory_usage,49.142076276815146
2025-03-21T12:11:53.575496,storage-service,response_time,108.64926496673525
2025-03-21T12:11:53.575496,storage-service,error_rate,0.48310128775186945
2025-03-21T12:11:53.575496,storage-service,request_count,410.4409242817284
2025-03-21T12:11:53.575496,compute-engine,cpu_usage,38.277008917226155
2025-03-21T12:11:53.575496,compute-engine,memory_usage,41.8876603477673
2025-03-21T12:11:53.575496,compute-engine,response_time,96.91003191761892
2025-03-21T12:11:53.575496,compute-engine,error_rate,0.43823034323982973
2025-03-21T12:11:53.575496,compute-engine,request_count,477.65411353985405
2025-03-21T13:11:53.575496,api-gateway,cpu_usage,46.23690442551866
2025-03-21T13:11:53.575496,api-gateway,memory_usage,43.936397683359864
2025-03-21T13:11:53.575496,api-gateway,response_time,110.5539662775693
2025-03-21T13:11:53.575496,api-gateway,error_rate,0.4693344053748087
2025-03-21T13:11:53.575496,api-gateway,request_count,373.5978444149683
2025-03-21T13:11:53.575496,auth-service,cpu_usage,31.683905352432383
2025-03-21T13:11:53.575496,auth-service,memory_usage,44.689877609811866
2025-03-21T13:11:53.575496,auth-service,response_time,99.00582625438744
2025-03-21T13:11:53.575496,auth-service,error_rate,0.5536686557296758
2025-03-21T13:11:53.575496,auth-service,request_count,344.25806616085015
2025-03-21T13:11:53.575496,database,cpu_usage,40.76515408679487
2025-03-21T13:11:53.575496,database,memory_usage,47.972389847317785
2025-03-21T13:11:53.575496,database,response_time,118.68833516806411
2025-03-21T13:11:53.575496,database,error_rate,0.41448198329196095
2025-03-21T13:11:53.575496,database,request_count,409.1159911876911
2025-03-21T13:11:53.575496,storage-service,cpu_usage,37.95228526681949
2025-03-21T13:11:53.575496,storage-service,memory_usage,46.98885932775657
2025-03-21T13:11:53.575496,storage-service,response_time,104.2351503999312
2025-03-21T13:11:53.575496,storage-service,error_rate,0.5599576459813883
2025-03-21T13:11:53.575496,storage-service,request_count,429.7708919527745
2025-03-21T13:11:53.575496,compute-engine,cpu_usage,36.61188452740936
2025-03-21T13:11:53.575496,compute-engine,memory_usage,44.73134815402745
2025-03-21T13:11:53.575496,compute-engine,response_time,93.75922141631277
2025-03-21T13:11:53.575496,compute-engine,error_rate,0.504145034584165
2025-03-21T13:11:53.575496,compute-engine,request_count,390.2176998971965
2025-03-21T14:11:53.575496,api-gateway,cpu_usage,35.97175715552852
2025-03-21T14:11:53.575496,api-gateway,memory_usage,48.101462991402705
2025-03-21T14:11:53.575496,api-gateway,response_time,97.27196613268995
2025-03-21T14:11:53.575496,api-gateway,error_rate,0.41522041635368645
2025-03-21T14:11:53.575496,api-gateway,request_count,326.34400425677825
2025-03-21T14:11:53.575496,auth-service,cpu_usage,42.572839450392834
2025-03-21T14:11:53.575496,auth-service,memory_usage,44.88813464573037
2025-03-21T14:11:53.575496,auth-service,response_time,93.63208424445358
2025-03-21T14:11:53.575496,auth-service,error_rate,0.4330587429538688
2025-03-21T14:11:53.575496,auth-service,request_count,350.33904415944426
2025-03-21T14:11:53.575496,database,cpu_usage,46.134183584871145
2025-03-21T14:11:53.575496,database,memory_usage,47.873375708264525
2025-03-21T14:11:53.575496,database,response_time,86.74491110073518
2025-03-21T14:11:53.575496,database,error_rate,0.46553061846683164
2025-03-21T14:11:53.575496,database,request_count,443.812412643769
2025-03-21T14:11:53.575496,storage-service,cpu_usage,41.28908349150224
2025-03-21T14:11:53.575496,storage-service,memory_usage,39.61003377642078
2025-03-21T14:11:53.575496,storage-service,response_time,109.30048297877319
2025-03-21T14:11:53.575496,storage-service,error_rate,0.6176152982325483
2025-03-21T14:11:53.575496,storage-service,request_count,365.0656873092778
2025-03-21T14:11:53.575496,compute-engine,cpu_usage,43.48111461122093
2025-03-21T14:11:53.575496,compute-engine,memory_usage,41.380839414867495
2025-03-21T14:11:53.575496,compute-engine,response_time,100.92940473646769
2025-03-21T14:11:53.575496,compute-engine,error_rate,0.4465316082187185
2025-03-21T14:11:53.575496,compute-engine,request_count,481.1068449574425
2025-03-21T15:11:53.575496,api-gateway,cpu_usage,39.78125376628692
2025-03-21T15:11:53.575496,api-gateway,memory_usage,43.633630417041594
2025-03-21T15:11:53.575496,api-gateway,response_time,91.74761896040955
2025-03-21T15:11:53.575496,api-gateway,error_rate,0.6611117893902227
2025-03-21T15:11:53.575496,api-gateway,request_count,454.7101346342298
2025-03-21T15:11:53.575496,auth-service,cpu_usage,40.09956977919143
2025-03-21T15:11:53.575496,auth-service,memory_usage,44.553121239839975
2025-03-21T15:11:53.575496,auth-service,response_time,99.48263458400797
2025-03-21T15:11:53.575496,auth-service,error_rate,0.42160996787015037
2025-03-21T15:11:53.575496,auth-service,request_count,408.07907006771404
2025-03-21T15:11:53.575496,database,cpu_usage,34.79566396187404
2025-03-21T15:11:53.575496,database,memory_usage,46.51151088603936
2025-03-21T15:11:53.575496,database,response_time,118.66449001847666
2025-03-21T15:11:53.575496,database,error_rate,0.3812115414922216
2025-03-21T15:11:53.575496,database,request_count,375.4441548315303
2025-03-21T15:11:53.575496,storage-service,cpu_usage,41.24607470169812
2025-03-21T15:11:53.575496,storage-service,memory_usage,45.83919003157817
2025-03-21T15:11:53.575496,storage-service,response_time,114.87103704193413
2025-03-21T15:11:53.575496,storage-service,error_rate,0.3857272799329744
2025-03-21T15:11:53.575496,storage-service,request_count,429.2430377537306
2025-03-21T15:11:53.575496,compute-engine,cpu_usage,44.32301248202612
2025-03-21T15:11:53.575496,compute-engine,memory_usage,49.6521879548845
2025-03-21T15:11:53.575496,compute-engine,response_time,108.04887309447605
2025-03-21T15:11:53.575496,compute-engine,error_rate,0.4710798865796959
2025-03-21T15:11:53.575496,compute-engine,request_count,353.29177838082137
2025-03-21T16:11:53.575496,api-gateway,cpu_usage,41.97138190910236
2025-03-21T16:11:53.575496,api-gateway,memory_usage,47.66380451477274
2025-03-21T16:11:53.575496,api-gateway,response_time,103.63622070487739
2025-03-21T16:11:53.575496,api-gateway,error_rate,0.3391394597960862
2025-03-21T16:11:53.575496,api-gateway,request_count,518.5939076521572
2025-03-21T16:11:53.575496,auth-service,cpu_usage,32.16332007972355
2025-03-21T16:11:53.575496,auth-service,memory_usage,48.04620436163563
2025-03-21T16:11:53.575496,auth-service,response_time,121.74595534001375
2025-03-21T16:11:53.575496,auth-service,error_rate,0.4828893243953934
2025-03-21T16:11:53.575496,auth-service,request_count,399.6721169202971
2025-03-21T16:11:53.575496,database,cpu_usage,44.88863752591106
2025-03-21T16:11:53.575496,database,memory_usage,44.47311306318565
2025-03-21T16:11:53.575496,database,response_time,110.64316093265124
2025-03-21T16:11:53.575496,database,error_rate,0.44798928890514117
2025-03-21T16:11:53.575496,database,request_count,415.5907760096587
2025-03-21T16:11:53.575496,storage-service,cpu_usage,44.78046752294971
2025-03-21T16:11:53.575496,storage-service,memory_usage,45.67842883082322
2025-03-21T16:11:53.575496,storage-service,response_time,106.48007014309353
2025-03-21T16:11:53.575496,storage-service,error_rate,0.49164470799295845
2025-03-21T16:11:53.575496,storage-service,request_count,393.26006952823104
2025-03-21T16:11:53.575496,compute-engine,cpu_usage,37.96923608496696
2025-03-21T16:11:53.575496,compute-engine,memory_usage,44.528286573168735
2025-03-21T16:11:53.575496,compute-engine,response_time,119.60258084336644
2025-03-21T16:11:53.575496,compute-engine,error_rate,0.6252124604696351
2025-03-21T16:11:53.575496,compute-engine,request_count,388.90817763252403
2025-03-21T17:11:53.575496,api-gateway,cpu_usage,49.46917435626099
2025-03-21T17:11:53.575496,api-gateway,memory_usage,42.760433198496635
2025-03-21T17:11:53.575496,api-gateway,response_time,99.90479673047591
2025-03-21T17:11:53.575496,api-gateway,error_rate,0.5089170436974758
2025-03-21T17:11:53.575496,api-gateway,request_count,421.10798706540163
2025-03-21T17:11:53.575496,auth-service,cpu_usage,35.920258090971444
2025-03-21T17:11:53.575496,auth-service,memory_usage,48.04328259690102
2025-03-21T17:11:53.575496,auth-service,response_time,115.1598569124585
2025-03-21T17:11:53.575496,auth-service,error_rate,0.445471716964894
2025-03-21T17:11:53.575496,auth-service,request_count,404.4696056436917
2025-03-21T17:11:53.575496,database,cpu_usage,48.212770132212526
2025-03-21T17:11:53.575496,database,memory_usage,45.53569532811081
2025-03-21T17:11:53.575496,database,response_time,110.71749853427126
2025-03-21T17:11:53.575496,database,error_rate,0.5985579950296062
2025-03-21T17:11:53.575496,database,request_count,331.32549742900756
2025-03-21T17:11:53.575496,storage-service,cpu_usage,40.6897673723889
2025-03-21T17:11:53.575496,storage-service,memory_usage,45.38791587867537
2025-03-21T17:11:53.575496,storage-service,response_time,85.7424928815552
2025-03-21T17:11:53.575496,storage-service,error_rate,0.529794966883896
2025-03-21T17:11:53.575496,storage-service,request_count,389.3300237782409
2025-03-21T17:11:53.575496,compute-engine,cpu_usage,30.628819320984814
2025-03-21T17:11:53.575496,compute-engine,memory_usage,41.44169073126055
2025-03-21T17:11:53.575496,compute-engine,response_time,104.61520333654016
2025-03-21T17:11:53.575496,compute-engine,error_rate,0.622783170282795
2025-03-21T17:11:53.575496,compute-engine,request_count,371.709352385207
